"di_id","year","budget.type","l1","l2","l3","l4","l5","l6","value","magnitude","child.value.sum","absdiff"
"GM",2020,"proj","total-expenditure",,,,,,22.823,1e+09,101.547,78.724
"GM",2020,"proj","total-expenditure",,,,,,24.56,1e+09,101.547,76.987
"GM",2020,"proj","total-revenue-and-grants",,,,,,21.616,1e+09,96.754,75.138
"GM",2020,"proj","total-expenditure",,,,,,26.655,1e+09,101.547,74.892
"GM",2020,"proj","total-expenditure",,,,,,27.511,1e+09,101.547,74.036
"GM",2020,"proj","total-revenue-and-grants",,,,,,23.113,1e+09,96.754,73.641
"GM",2020,"proj","total-revenue-and-grants",,,,,,25.241,1e+09,96.754,71.513
"GM",2020,"proj","total-revenue-and-grants",,,,,,26.782,1e+09,96.754,69.972
"LK",2007,"actual","financing",,,,,,-24.6929472,1e+10,40.7970432,65.4899904
"NP",2006,"actual","total-expenditure","recurrent-expenditure",,,,,67,1e+09,6.2,60.8
"NP",2005,"actual","total-expenditure","recurrent-expenditure",,,,,61.7,1e+09,6.2,55.5
"LK",2006,"actual","financing",,,,,,-23.50944,1e+10,30.85614,54.36558
"NP",2004,"actual","total-expenditure","recurrent-expenditure",,,,,55.6,1e+09,6.5,49.1
"GM",2020,"proj","total-revenue-and-grants","revenue",,,,,12.761,1e+09,61.159,48.398
"GM",2020,"proj","total-revenue-and-grants","revenue",,,,,14.425,1e+09,61.159,46.734
"BD",2008,"actual","total-revenue-and-grants","revenue","tax-revenue",,,,48.1,1e+10,2.3,45.8
"CM",2022,"proj","total-expenditure",,,,,,0,1e+11,45.67,45.67
"NP",2003,"actual","total-expenditure","recurrent-expenditure",,,,,52.1,1e+09,6.6,45.5
"UA",2003,"actual","total-expenditure","recurrent-expenditure",,,,,86.541,1e+09,41.13,45.411
"GM",2020,"proj","total-revenue-and-grants","revenue",,,,,16.186,1e+09,61.159,44.973
"GM",2020,"proj","total-revenue-and-grants","revenue",,,,,17.787,1e+09,61.159,43.372
"GM",2020,"proj","total-revenue-and-grants","revenue","tax-revenue",,,,11.307,1e+09,54.432,43.125
"CM",2021,"proj","total-expenditure",,,,,,0,1e+11,42.61,42.61
"GM",2020,"proj","total-revenue-and-grants","revenue","tax-revenue",,,,12.827,1e+09,54.432,41.605
"CM",2016,"actual","total-expenditure",,,,,,0,1e+11,40.44,40.44
"CM",2020,"proj","total-expenditure",,,,,,0,1e+11,40.27,40.27
"GM",2020,"proj","total-expenditure","recurrent-expenditure",,,,,11.481,1e+09,51.715,40.234
"GM",2020,"proj","total-revenue-and-grants","revenue","tax-revenue",,,,14.434,1e+09,54.432,39.998
"GM",2020,"proj","total-expenditure","recurrent-expenditure",,,,,12.353,1e+09,51.715,39.362
"GM",2020,"proj","total-revenue-and-grants","revenue","tax-revenue",,,,15.867,1e+09,54.432,38.565
"GM",2020,"proj","total-expenditure","capital-expenditure",,,,,11.341,1e+09,49.832,38.491
"GM",2020,"proj","total-expenditure","recurrent-expenditure",,,,,13.413,1e+09,51.715,38.302
"CM",2015,"actual","total-expenditure",,,,,,0,1e+11,38.22,38.22
"CM",2019,"proj","total-expenditure",,,,,,0,1e+11,37.97,37.97
"GM",2020,"proj","total-expenditure","capital-expenditure",,,,,12.206,1e+09,49.832,37.626
"GM",2020,"proj","total-expenditure","recurrent-expenditure",,,,,14.468,1e+09,51.715,37.247
"BD",2007,"actual","total-revenue-and-grants","revenue","tax-revenue",,,,39,1e+10,1.9,37.1
"GM",2020,"proj","total-expenditure","capital-expenditure",,,,,13.043,1e+09,49.832,36.789
"GM",2020,"proj","total-expenditure","capital-expenditure",,,,,13.242,1e+09,49.832,36.59
"CM",2018,"proj","total-expenditure",,,,,,0,1e+11,36.24,36.24
"CM",2014,"actual","total-expenditure",,,,,,-0.14,1e+11,36.05,36.19
"CM",2017,"proj","total-expenditure",,,,,,0,1e+11,35.14,35.14
"GM",2020,"proj","total-revenue-and-grants","grants",,,,,8.688,1e+09,35.596,26.908
"GM",2020,"proj","total-revenue-and-grants","grants",,,,,8.856,1e+09,35.596,26.74
"GM",2020,"proj","total-revenue-and-grants","grants",,,,,8.996,1e+09,35.596,26.6
"GM",2020,"proj","total-revenue-and-grants","grants",,,,,9.055,1e+09,35.596,26.541
"MG",2002,"actual","financing","net-external-finance",,,,,21.88,1e+10,44.88,23
"BI",2009,"actual","total-expenditure","capital-expenditure",,,,,27.0837948,1e+10,5.6788602,21.4049346
"MG",2019,"proj","financing","net-external-finance",,,,,16.95007,1e+11,37.56502,20.61495
"BD",2002,"actual","total-revenue-and-grants","revenue","tax-revenue",,,,21.03,1e+10,1.11,19.92
"CM",2008,"actual","total-expenditure",,,,,,-0.04,1e+11,19.7,19.74
"DJ",2013,"proj","total-revenue-and-grants",,,,,,82.258,1e+09,62.674,19.584
"VN",2013,"actual","financing","net-external-finance",,,,,7.8,1e+13,26.7,18.9
"NE",2000,"actual","total-revenue-and-grants","grants",,,,,5.93,1e+10,23.64,17.71
"VN",2012,"actual","financing","net-external-finance",,,,,4.6,1e+13,22.3,17.7
"NP",2012,"actual","total-expenditure","recurrent-expenditure",,,,,24.3,1e+10,6.8,17.5
"NP",2013,"actual","total-expenditure","recurrent-expenditure",,,,,24,1e+10,6.5,17.5
"NE",2008,"actual","total-revenue-and-grants","revenue","tax-revenue",,,,28.11,1e+10,11.07,17.04
"BF",2007,"actual","financing",,,,,,0,1e+10,16.8,16.8
"VN",2015,"actual","financing","net-external-finance",,,,,6.7,1e+13,23.1,16.4
"TD",2017,"actual","financing","net-external-finance",,,,,7.8,1e+10,23.7,15.9
"CM",2007,"actual","total-expenditure",,,,,,-0.12,1e+11,15.54,15.66
"IN",2009,"actual","total-expenditure","recurrent-expenditure",,,,,19.1489352,1e+12,3.8142188,15.3347164
"UA",2007,"actual","total-expenditure","recurrent-expenditure",,,,,27.5594,1e+10,12.2347,15.3247
"VN",2014,"actual","financing","net-external-finance",,,,,9.7,1e+13,24.8,15.1
"SS",2013,"actual","total-expenditure","recurrent-expenditure","other-recurrent","transfers-to-states",,,16,1e+08,1,15
"NP",2011,"actual","total-expenditure","recurrent-expenditure",,,,,20.8,1e+10,5.8,15
"BF",2008,"actual","financing",,,,,,0,1e+10,14.34,14.34
"CM",2006,"actual","total-expenditure",,,,,,-0.05,1e+11,13.7,13.75
"NP",2010,"actual","total-expenditure","recurrent-expenditure",,,,,18.62,1e+10,5.19,13.43
"CM",2004,"actual","total-expenditure",,,,,,-0.05,1e+11,13.36,13.41
"NE",2007,"actual","total-revenue-and-grants","revenue","tax-revenue",,,,23.32,1e+10,10.07,13.25
"BR",2018,"proj","total-revenue-and-grants","revenue","other-revenue",,,,7.224,1e+11,20.3648,13.1408
"CM",2003,"actual","total-expenditure",,,,,,0,1e+11,12.85,12.85
"IN",2008,"actual","total-expenditure","recurrent-expenditure",,,,,16.0650184,1e+12,3.238915,12.8261034
"BR",2017,"actual","total-revenue-and-grants","revenue","other-revenue",,,,6.95254,1e+11,19.54582,12.59328
"MG",2018,"proj","financing","net-external-finance",,,,,7.70488,1e+11,20.276,12.57112
"CM",2005,"actual","total-expenditure",,,,,,0.17,1e+11,12.61,12.44
"ve",2013,"proj","total-expenditure","current-expenditure",,,,,56.031119,1e+10,68.4397606,12.4086416
"ve",2013,"proj","total-expenditure",,,,,,68.4397606,1e+10,56.031119,12.4086416
"UA",2006,"actual","total-expenditure","recurrent-expenditure",,,,,21.7888,1e+10,9.4272,12.3616
"CM",2002,"actual","total-expenditure",,,,,,0,1e+11,12.31,12.31
"BR",2016,"actual","total-revenue-and-grants","revenue","other-revenue",,,,6.38316,1e+11,18.64884,12.26568
"NP",2009,"actual","total-expenditure","recurrent-expenditure",,,,,16.18,1e+10,4.26,11.92
"BR",2015,"actual","total-revenue-and-grants","revenue","other-revenue",,,,6.12058344,1e+11,17.64168168,11.52109824
"BR",2014,"actual","total-revenue-and-grants","revenue","other-revenue",,,,5.9716755,1e+11,17.1756762,11.2040007
"None",2022,"proj","total-revenue-and-grants","revenue","tax","production-and-consumption",,,23.9024,1e+10,12.8272,11.0752
"AZ",2012,"actual","total-expenditure","recurrent-expenditures",,,,,11.108,1e+09,0.098,11.01
"BF",2002,"actual","financing",,,,,,0,1e+10,11,11
"ZM",2022,"proj","total-expenditure","capital-expenditure",,,,,20.366,1e+09,9.513,10.853
"ZM",2022,"proj","total-expenditure",,,,,,91.081,1e+09,101.934,10.853
"BF",2001,"actual","financing",,,,,,0,1e+10,10.75,10.75
"None",2021,"proj","total-revenue-and-grants","revenue","tax","production-and-consumption",,,22.2801,1e+10,11.9476,10.3325
"CV",2013,"actual","financing",,,,,,12.21,1e+09,1.888,10.322
"UA",2005,"actual","total-expenditure","recurrent-expenditure",,,,,17.6334,1e+10,7.4454,10.188
"ML",2005,"actual","financing","net-external-finance","loans",,,,11.93,1e+10,1.93,10
"ZM",2005,"actual","total-expenditure","recurrent-expenditure",,,,,58.28,1e+08,48.28,10
"BF",2009,"actual","financing",,,,,,0,1e+10,9.9,9.9
"GE",2005,"actual","total-revenue-and-grants","revenue","tax-revenue","indirect-taxes",,,13.96,1e+08,23.84,9.88
"None",2020,"proj","total-revenue-and-grants","revenue","tax","production-and-consumption",,,20.9509,1e+10,11.1391,9.8118
"HN",2010,"actual","financing",,,,,,13.972,1e+09,23.754,9.782
"HN",2009,"actual","financing","domestic-financing",,,,,2.188,1e+09,11.898,9.71
"DZ",2013,"actual","total-expenditure",,,,,,69.96,1e+11,60.25,9.70999999999999
"None",2019,"proj","total-revenue-and-grants","revenue","tax","production-and-consumption",,,19.5889,1e+10,10.2927,9.2962
"ZM",2021,"proj","total-expenditure",,,,,,82.566,1e+09,91.754,9.188
"ZM",2021,"proj","total-expenditure","capital-expenditure",,,,,17.91,1e+09,8.722,9.188
"LK",2006,"actual","financing","net-domestic-financing",,,,,7.3467,1e+10,16.456608,9.109908
"MG",2000,"actual","financing","net-external-finance",,,,,9.15,1e+10,18.16,9.01
"AZ",2011,"actual","total-expenditure","recurrent-expenditures",,,,,9.16,1e+09,0.21,8.95
"ve",2011,"proj","total-expenditure","current-expenditure",,,,,28.506561,1e+10,37.2731586,8.7665976
"ve",2011,"proj","total-expenditure",,,,,,37.2731586,1e+10,28.506561,8.7665976
"None",2018,"proj","total-revenue-and-grants","revenue","tax","production-and-consumption",,,18.2999,1e+10,9.6245,8.6754
"NP",2008,"actual","total-expenditure","recurrent-expenditure",,,,,9.15,1e+10,0.64,8.51
"TD",2018,"proj","financing","net-external-finance",,,,,0.93,1e+10,9.33,8.4
"HN",2012,"actual","financing","domestic-financing",,,,,3.62044,1e+09,11.947452,8.327012
"NE",2011,"actual","total-revenue-and-grants","grants",,,,,11.35,1e+10,19.59,8.24
"None",2017,"proj","total-revenue-and-grants","revenue","tax","production-and-consumption",,,17.2442,1e+10,9.0086,8.2356
"AZ",2010,"actual","total-expenditure","recurrent-expenditures",,,,,8.157,1e+09,0.039,8.118
"GM",2020,"proj","total-expenditure","recurrent-expenditure","interest-payments",,,,2.605,1e+09,10.611,8.006
"SB",2004,"actual","total-expenditure","recurrent-expenditure",,,,,43.4,1e+07,35.4,7.99999999999999
"GM",2020,"proj","total-expenditure","recurrent-expenditure","interest-payments",,,,2.612,1e+09,10.611,7.999
"GM",2020,"proj","total-expenditure","recurrent-expenditure","interest-payments",,,,2.655,1e+09,10.611,7.956
"GM",2020,"proj","total-expenditure","recurrent-expenditure","interest-payments",,,,2.738,1e+09,10.611,7.873
"ML",2007,"actual","total-revenue-and-grants","grants",,,,,16.04,1e+10,8.19,7.85
"ve",2012,"proj","total-expenditure","current-expenditure",,,,,38.7076899,1e+10,46.5063554,7.79866550000001
"ve",2012,"proj","total-expenditure",,,,,,46.5063554,1e+10,38.7076899,7.7986655
"NE",2005,"actual","total-revenue-and-grants","grants",,,,,10.22,1e+10,18.01,7.79
"MG",2016,"actual","financing","net-external-finance",,,,,3.1772,1e+11,10.80248,7.62528
"AZ",2009,"actual","total-expenditure","recurrent-expenditures",,,,,7.649,1e+09,0.036,7.613
"ZM",2020,"proj","total-expenditure","capital-expenditure",,,,,15.733,1e+09,8.178,7.555
"ZM",2020,"proj","total-expenditure",,,,,,74.882,1e+09,82.437,7.55499999999999
"NG",2023,"proj","total-revenue-and-grants","revenue","oil-revenue",,,,8.091,1e+12,0.551,7.54
"ZM",2015,"actual","total-expenditure",,,,,,50.701,1e+09,58.23,7.529
"ZM",2015,"actual","total-expenditure","capital-expenditure",,,,,12.193,1e+09,4.664,7.529
"MG",2017,"proj","financing","net-external-finance",,,,,2.50866,1e+11,10.03464,7.52598
"MG",2015,"actual","financing","net-external-finance",,,,,5.14548,1e+11,12.57784,7.43236
"NE",2012,"actual","total-revenue-and-grants","grants",,,,,21.65,1e+10,28.96,7.31
"MV",2013,"actual","financing","net-external-finance",,,,,-0.48,1e+09,6.665,7.145
"NP",2007,"actual","total-expenditure","recurrent-expenditure",,,,,7.71,1e+10,0.62,7.09
"TN",2017,"actual","financing","net-external-finance",,,,,5.449,1e+09,12.475,7.026
"SS",2013,"actual","total-expenditure","capital-expenditure",,,,,13,1e+08,20,7
"None",2016,"proj","total-revenue-and-grants","revenue","tax","production-and-consumption",,,14.7937,1e+10,7.8175,6.9762
"AZ",2008,"actual","total-expenditure","recurrent-expenditures",,,,,6.816,1e+09,0.033,6.783
"BI",2004,"actual","financing","net-external-finance",,,,,3.74,1e+10,10.41,6.67
"NE",2006,"actual","total-revenue-and-grants","grants",,,,,8.986,1e+11,2.35,6.636
"NE",2002,"actual","total-revenue-and-grants","grants",,,,,7.46,1e+10,14,6.54
"UA",2004,"actual","total-expenditure","recurrent-expenditure",,,,,12.0868,1e+10,5.5631,6.5237
"MR",2012,"actual","total-revenue-and-grants","grants",,,,,6.78,1e+10,0.29,6.49
"NG",2022,"proj","total-revenue-and-grants","revenue","oil-revenue",,,,6.98,1e+12,0.552,6.428
"TL",2003,"actual","total-expenditure","recurrent-expenditure",,,,,53.3,1e+06,46.9,6.39999999999999
"DJ",2012,"actual","financing","net-domestic-finance",,,,,6.2,1e+09,12.496,6.296
"ZM",2014,"actual","total-expenditure",,,,,,40.64,1e+09,46.85,6.21
"ZM",2014,"actual","total-expenditure","capital-expenditure",,,,,8.87,1e+09,2.66,6.21
"TD",2019,"proj","financing","net-external-finance",,,,,-1,1e+10,5.2,6.2
"None",2015,"actual","total-revenue-and-grants","revenue","tax","production-and-consumption",,,13.3557,1e+10,7.2745,6.0812
"TD",2009,"actual","financing","net-external-finance",,,,,3,1e+10,8.9,5.9
"NE",2003,"actual","total-revenue-and-grants","grants",,,,,7.6,1e+10,13.45,5.85
"NG",2003,"actual","total-expenditure","federal-government-expenditure","federal-government-recurrent-expenditure",,,,13.37,1e+11,19.18,5.81
"MG",2004,"actual","financing","net-external-finance",,,,,5.182,1e+11,10.975,5.793
"CV",2012,"actual","financing",,,,,,15.067,1e+09,9.353,5.714
"GY",2022,"proj","total-expenditure","capital-expenditure",,,,,12.93,1e+10,18.62,5.69
"None",2014,"actual","total-revenue-and-grants","revenue","tax","production-and-consumption",,,12.0421,1e+10,6.3995,5.6426
"NG",2021,"proj","total-revenue-and-grants","revenue","oil-revenue",,,,6.158,1e+12,0.557,5.601
"GY",2021,"proj","total-expenditure","capital-expenditure",,,,,12.67,1e+10,18.25,5.58
"JO",2007,"actual","total-revenue-and-grants","revenue","nontax-revenue",,,,11.05,1e+08,5.5,5.55
"TD",2006,"actual","financing","net-external-finance",,,,,2.9,1e+10,8.44,5.54
"NG",2020,"proj","total-revenue-and-grants","revenue","oil-revenue",,,,6.071,1e+12,0.571,5.5
"NE",2001,"actual","total-revenue-and-grants","grants",,,,,6.65,1e+10,12.05,5.4
"ZM",2019,"proj","total-expenditure","capital-expenditure",,,,,13.229,1e+09,7.914,5.315
"ZM",2019,"proj","total-expenditure",,,,,,67.386,1e+09,72.701,5.315
"CV",2011,"actual","financing",,,,,,11.734,1e+09,6.43,5.304
"MR",2012,"actual","financing","net-external-finance","other",,,,5.46,1e+10,10.76,5.3
"DJ",2002,"actual","total-revenue-and-grants","grants",,,,,6.227,1e+09,1.042,5.185
"ZM",2018,"proj","total-expenditure",,,,,,65.681,1e+09,70.847,5.16600000000001
"ZM",2018,"proj","total-expenditure","capital-expenditure",,,,,13.557,1e+09,8.391,5.166
"SB",2000,"actual","total-expenditure","recurrent-expenditure",,,,,38.52,1e+07,33.42,5.1
"NE",2007,"actual","total-revenue-and-grants","grants",,,,,14.65,1e+10,19.7,5.05
"MG",2008,"actual","financing","net-external-finance",,,,,4.783,1e+11,9.829,5.046
"NE",2004,"actual","total-revenue-and-grants","grants",,,,,8.92,1e+10,13.86,4.94
"MR",2015,"actual","financing","net-external-finance","other",,,,5.23,1e+07,10.1,4.87
"NG",2019,"proj","total-revenue-and-grants","revenue","oil-revenue",,,,5.442,1e+12,0.597,4.845
"JO",2006,"actual","total-revenue-and-grants","revenue","nontax-revenue",,,,9.87,1e+08,5.03,4.84
"HN",2003,"actual","financing","domestic-financing",,,,,0.428454,1e+09,5.141448,4.712994
"NG",2018,"proj","total-revenue-and-grants","revenue","oil-revenue",,,,5.345,1e+12,0.633,4.712
"FM",2009,"actual","total-expenditure","recurrent-expenditure",,,,,13.14,1e+07,17.81,4.67
"ZM",2017,"proj","total-expenditure","capital-expenditure",,,,,11.175,1e+09,6.564,4.611
"ZM",2017,"proj","total-expenditure",,,,,,59.801,1e+09,64.412,4.61099999999999
"MR",2014,"actual","financing","net-external-finance","other",,,,4.93,1e+07,9.53,4.6
"BF",2017,"actual","financing",,,,,,0,1e+11,4.44,4.44
"MG",2014,"actual","financing","net-external-finance",,,,,3.1,1e+11,7.53,4.43
"HN",2008,"actual","financing",,,,,,6.442,1e+09,10.759,4.317
"NG",2010,"actual","total-expenditure","extrabudgetary-funds",,,,,8.12,1e+11,3.81,4.31
"FM",2004,"actual","total-expenditure","recurrent-expenditure",,,,,12.73,1e+07,17,4.27
"SB",2003,"actual","total-expenditure","recurrent-expenditure",,,,,37.55,1e+07,33.28,4.27
"DJ",2001,"actual","total-revenue-and-grants","grants",,,,,5.072,1e+09,0.876,4.196
"NG",2002,"actual","total-expenditure","federal-government-expenditure","federal-government-recurrent-expenditure",,,,11.09,1e+11,15.28,4.19
"BI",2008,"actual","total-revenue-and-grants","grants",,,,,51.829875,1e+10,47.683485,4.14639
"HN",2013,"actual","financing",,,,,,29.7435,1e+09,33.885,4.1415
"TD",2007,"actual","financing","net-external-finance",,,,,2.13,1e+10,6.21,4.08
"BI",2007,"actual","total-revenue-and-grants","grants",,,,,22.15,1e+10,18.07,4.08
"GM",2020,"proj","financing",,,,,,0.728,1e+09,4.794,4.066
"TJ",2016,"actual","financing",,,,,,5.501571,1e+09,1.525188,3.976383
"BF",2018,"proj","financing",,,,,,0,1e+11,3.96,3.96
"AZ",2016,"proj","financing",,,,,,5.452,1e+09,1.507,3.945
"ve",2008,"proj","total-expenditure","current-expenditure",,,,,13.3847546,1e+10,17.2691540287,3.8843994287
"ve",2008,"proj","total-expenditure",,,,,,17.269154025,1e+10,13.3847546,3.884399425
"ve",2009,"proj","total-expenditure","current-expenditure",,,,,14.59743706,1e+10,18.4161338936,3.8186968336
"ve",2009,"proj","total-expenditure",,,,,,18.416133891,1e+10,14.59743706,3.818696831
"CM",2004,"actual","total-expenditure","recurrent-expenditure","goods-and-services",,,,4.14,1e+11,0.33,3.81
"GM",2020,"proj","financing","net-external-finance",,,,,0.214,1e+09,3.904,3.69
"BI",2006,"actual","total-revenue-and-grants","grants",,,,,16.9,1e+10,13.23,3.67
"HN",2000,"actual","financing","domestic-financing",,,,,0.53327,1e+09,4.159506,3.626236
"HN",2012,"actual","financing","domestic-financing",,,,,15.567892,1e+09,11.947452,3.62044
"HN",2012,"actual","financing",,,,,,21.360596,1e+09,24.981036,3.62044
"AO",2012,"actual","financing","net-external-finance",,,,,-1.43,1e+11,2.18,3.61
"GM",2020,"proj","financing",,,,,,1.207,1e+09,4.794,3.587
"BI",2011,"actual","total-expenditure","capital-expenditure",,,,,4.632,1e+11,1.047,3.585
"ZM",2014,"actual","total-expenditure","capital-expenditure",,,,,6.21,1e+09,2.66,3.55
"SB",2001,"actual","total-expenditure","recurrent-expenditure",,,,,39.54,1e+07,36.01,3.53
"NE",2009,"actual","total-revenue-and-grants","grants",,,,,11.09,1e+10,14.62,3.53
"BI",2008,"actual","financing","net-external-finance",,,,,-1.520343,1e+10,1.934982,3.455325
"MV",2012,"actual","financing","net-external-finance",,,,,-0.13,1e+09,3.278,3.408
"JO",2000,"actual","total-revenue-and-grants","revenue","nontax-revenue",,,,5.89,1e+08,2.5,3.39
"GM",2020,"proj","financing",,,,,,1.413,1e+09,4.794,3.381
"GE",2004,"actual","total-revenue-and-grants",,,,,,21.659,1e+08,25.03,3.371
"HN",2011,"actual","financing","domestic-financing",,,,,-0.509,1e+09,2.861,3.37
"ZM",2016,"actual","total-expenditure","capital-expenditure",,,,,8.157,1e+09,4.8,3.357
"ZM",2016,"actual","total-expenditure",,,,,,51.713,1e+09,55.069,3.356
"GM",2020,"proj","financing",,,,,,1.446,1e+09,4.794,3.348
"JO",2002,"actual","total-revenue-and-grants","revenue","nontax-revenue",,,,6.67,1e+08,3.35,3.32
"JO",2005,"actual","total-revenue-and-grants","revenue","nontax-revenue",,,,7.56,1e+08,4.24,3.32
"JO",2004,"actual","total-revenue-and-grants","revenue","nontax-revenue",,,,6.5,1e+08,3.24,3.26
"ZM",2018,"proj","total-expenditure","capital-expenditure",,,,,5.166,1e+09,8.391,3.225
"JO",2001,"actual","total-revenue-and-grants","revenue","nontax-revenue",,,,6.33,1e+08,3.13,3.2
"CM",2005,"actual","total-expenditure","recurrent-expenditure","goods-and-services",,,,3.37,1e+11,0.22,3.15
"CM",2002,"actual","financing","net-external-finance","drawings",,,,4.04,1e+11,0.93,3.11
"JO",2003,"actual","total-revenue-and-grants","revenue","nontax-revenue",,,,5.82,1e+08,2.72,3.1
"ve",2015,"proj","total-expenditure","current-expenditure",,,,,11.9,1e+11,14.99240941,3.09240941
"FM",2001,"actual","total-expenditure","recurrent-expenditure",,,,,12.63,1e+07,15.72,3.09
"ve",2015,"proj","total-expenditure",,,,,,14.97,1e+11,11.9,3.07
"NE",2008,"actual","total-expenditure","capital-expenditure","externally-financed",,,,13.68,1e+10,10.63,3.05
"BF",2021,"proj","financing",,,,,,0,1e+11,3.04,3.04
"NE",2007,"actual","total-expenditure","capital-expenditure","externally-financed",,,,14.91,1e+10,11.9,3.01
"MG",2013,"actual","financing","net-external-finance",,,,,2.34,1e+11,5.31,2.97
"NE",2023,"proj","total-revenue-and-grants","grants",,,,,4.395,1e+11,7.317,2.922
"ve",2010,"proj","total-expenditure","current-expenditure",,,,,19.4866261,1e+10,22.3880818,2.9014557
"ve",2010,"proj","total-expenditure",,,,,,22.3880818,1e+10,19.4866261,2.9014557
"TJ",2018,"proj","financing","net-external-finance",,,,,3.313776,1e+09,0.414222,2.899554
"NG",2017,"actual","total-revenue-and-grants","revenue","oil-revenue",,,,3.02,1e+12,0.146,2.874
"ZM",2015,"actual","total-expenditure","capital-expenditure",,,,,7.529,1e+09,4.664,2.865
"ve",2007,"proj","total-expenditure","current-expenditure",,,,,9.73132882,1e+10,12.5937256806,2.8623968606
"ve",2007,"proj","total-expenditure",,,,,,12.59372568,1e+10,9.73132882,2.86239686
"HN",2002,"actual","financing","domestic-financing",,,,,0.904169,1e+09,3.745843,2.841674
"LR",2012,"actual","total-expenditure","capital-expenditure",,,,,7.64,1e+07,10.47,2.83
"BF",2020,"proj","financing",,,,,,0,1e+11,2.81,2.81
"VN",2010,"actual","financing","net-external-finance",,,,,8.9,1e+13,6.1,2.8
"TD",2018,"proj","total-expenditure",,,,,,91.9,1e+10,89.1,2.8
"MR",2016,"actual","financing","net-external-finance","other",,,,2.96,1e+07,5.74,2.78
"NE",2020,"proj","total-revenue-and-grants","grants",,,,,4.688,1e+11,7.467,2.779
"TN",2016,"actual","financing","net-external-finance",,,,,2.479,1e+09,5.243,2.764
"ZM",2016,"actual","financing","net-external-finance",,,,,3.005,1e+09,5.756,2.751
"GY",2020,"proj","total-expenditure","capital-expenditure",,,,,9.68,1e+10,12.42,2.74
"MG",2021,"proj","financing","net-external-finance",,,,,2.160642,1e+12,4.889874,2.729232
"ve",2016,"proj","total-expenditure","current-expenditure",,,,,12.72544173,1e+11,15.4516708,2.72622907
"ve",2016,"proj","total-expenditure",,,,,,15.4516708,1e+11,12.72544173,2.72622907
"NE",2010,"actual","total-revenue-and-grants","grants",,,,,13.01,1e+10,15.73,2.72
"GM",2020,"proj","financing","net-external-finance",,,,,1.199,1e+09,3.904,2.705
"VN",2011,"actual","financing","net-external-finance",,,,,5.6,1e+13,2.9,2.7
"NG",2016,"actual","total-expenditure","federal-government-expenditure",,,,,46.95,1e+11,49.65,2.7
"MG",2022,"proj","financing","net-external-finance",,,,,2.069694,1e+12,4.766568,2.696874
"GM",2020,"proj","financing","net-external-finance",,,,,1.229,1e+09,3.904,2.675
"NE",2022,"proj","total-revenue-and-grants","grants",,,,,4.387,1e+11,7.05,2.663
"MU",2015,"actual","total-expenditure","recurrent-expenditure",,,,,89.858,1e+09,87.208,2.65000000000001
"GM",2020,"proj","financing","net-external-finance",,,,,1.262,1e+09,3.904,2.642
"ve",2006,"proj","total-expenditure","current-expenditure",,,,,8.909855091,1e+10,11.5445221893,2.6346670983
"ve",2006,"proj","total-expenditure",,,,,,11.544522189,1e+10,8.909855091,2.634667098
"CM",2003,"actual","financing","net-external-finance","drawings",,,,3.69,1e+11,1.09,2.6
"ZM",2019,"proj","total-expenditure","capital-expenditure",,,,,5.315,1e+09,7.914,2.599
"NE",2021,"proj","total-revenue-and-grants","grants",,,,,4.21,1e+11,6.803,2.593
"BF",2019,"proj","financing",,,,,,0,1e+11,2.59,2.59
"NE",2008,"actual","total-revenue-and-grants","grants",,,,,14.19,1e+10,16.76,2.57
"MG",2020,"proj","financing","net-external-finance",,,,,2.972674,1e+12,5.535324,2.56265
"HN",2007,"actual","financing","domestic-financing",,,,,0,1e+09,2.560987,2.560987
"FM",2003,"actual","total-expenditure","recurrent-expenditure",,,,,13.83,1e+07,16.39,2.56
"BI",2007,"actual","financing","net-external-finance",,,,,-0.93,1e+10,1.63,2.56
"MG",2023,"proj","financing","net-external-finance",,,,,1.7266,1e+12,4.281968,2.555368
"MR",2016,"actual","total-revenue-and-grants","grants",,,,,3.13,1e+07,0.63,2.5
"MG",2003,"actual","financing","net-external-finance",,,,,1.916,1e+11,4.408,2.492
"BI",2010,"actual","total-expenditure","capital-expenditure",,,,,2.989,1e+11,0.506,2.483
"TJ",2016,"actual","financing","net-external-finance",,,,,1.525188,1e+09,3.976383,2.451195
"BI",2006,"actual","financing","net-external-finance",,,,,0.64,1e+10,3.08,2.44
"MR",2013,"actual","financing","net-external-finance","other",,,,2.71,1e+07,5.09,2.38
"HN",2001,"actual","financing","domestic-financing",,,,,0.355248,1e+09,2.723568,2.36832
"TN",2015,"actual","financing","net-external-finance",,,,,4.285,1e+09,6.639,2.354
"TG",2013,"actual","total-expenditure","recurrent-expenditure","other-current",,,,-0.01,1e+10,2.34,2.35
"GA",2014,"actual","financing",,,,,,-2.11,1e+11,0.24,2.35
"FM",2002,"actual","total-expenditure","recurrent-expenditure",,,,,11.97,1e+07,14.3,2.33
"FM",2008,"actual","total-expenditure","recurrent-expenditure",,,,,13.11,1e+07,15.42,2.31
"GE",2003,"actual","total-revenue-and-grants",,,,,,13.901,1e+08,16.202,2.301
"TL",2019,"proj","total-revenue-and-grants","revenue",,,,,9.009,1e+08,6.72,2.289
"NE",2019,"proj","total-revenue-and-grants","grants",,,,,4.536,1e+11,6.815,2.279
"BF",2015,"actual","financing",,,,,,0,1e+11,2.21,2.21
"HN",2009,"actual","financing",,,,,,16.662,1e+09,18.85,2.188
"HN",2009,"actual","financing","domestic-financing",,,,,14.086,1e+09,11.898,2.188
"DJ",2011,"actual","financing","net-domestic-finance",,,,,2.091,1e+09,4.278,2.187
"TL",2018,"proj","total-revenue-and-grants","revenue",,,,,9.106,1e+08,6.957,2.149
"TJ",2019,"proj","financing",,,,,,1.446033,1e+09,3.577029,2.130996
"RW",2011,"actual","financing","net-domestic-finance",,,,,4.36,1e+10,6.49,2.13
"AL",2008,"actual","total-revenue-and-grants","revenue","tax-revenue","excise-tax",,,3.25,1e+10,1.13,2.12
"TJ",2017,"proj","financing","net-external-finance",,,,,3.068625,1e+09,1.002,2.066625
"MR",2015,"actual","total-revenue-and-grants","grants",,,,,2.83,1e+07,0.78,2.05
"TD",2005,"actual","total-revenue-and-grants","revenue",,,,,28.97,1e+10,26.93,2.04
"TD",2010,"actual","financing","net-external-finance",,,,,1.57,1e+11,3.59,2.02
"SS",2013,"actual","total-revenue-and-grants",,,,,,40,1e+08,42,2
"FM",2010,"actual","total-revenue-and-grants","grants","current",,,,8.61,1e+07,6.61,2
"NE",2018,"proj","total-revenue-and-grants","grants",,,,,3.796,1e+11,5.761,1.965
"ZM",2017,"proj","total-expenditure","capital-expenditure",,,,,4.611,1e+09,6.564,1.953
"MG",2009,"actual","financing","net-external-finance",,,,,1.231,1e+11,3.184,1.953
"FM",2007,"actual","total-expenditure","recurrent-expenditure",,,,,13.26,1e+07,15.21,1.95
"BF",2010,"actual","financing",,,,,,0,1e+11,1.949,1.949
"AL",2007,"actual","total-revenue-and-grants","revenue","tax-revenue","excise-tax",,,2.87,1e+10,0.93,1.94
"MG",2010,"actual","financing","net-external-finance",,,,,1.324,1e+11,3.252,1.928
"ZM",2015,"actual","financing","net-external-finance",,,,,13.365,1e+09,15.276,1.911
"SS",2017,"proj","total-expenditure","recurrent-expenditure","other-recurrent","transfers-to-states",,,4.6,1e+09,6.5,1.9
"ve",2014,"proj","total-expenditure","current-expenditure",,,,,9.02186934,1e+11,10.88303836,1.86116902
"ve",2014,"proj","total-expenditure",,,,,,10.88303836,1e+11,9.02186934,1.86116902
"TG",2012,"actual","total-expenditure","recurrent-expenditure","other-current",,,,0,1e+10,1.86,1.86
"NE",2015,"actual","total-revenue-and-grants","grants",,,,,2.326,1e+11,4.163,1.837
"TD",2004,"actual","total-revenue-and-grants","revenue",,,,,19.8,1e+10,17.97,1.83
"MG",2011,"actual","financing","net-external-finance",,,,,0.959,1e+11,2.784,1.825
"TL",2020,"proj","total-revenue-and-grants","revenue",,,,,7.64,1e+08,5.828,1.812
"JO",2014,"actual","financing","net-domestic-finance",,,,,9.78,1e+08,11.56,1.78
"GM",2010,"actual","financing","net-domestic-finance",,,,,7.64,1e+08,5.86,1.78
"KE",2018,"proj","total-expenditure","development-expenditure","externally-financed",,,,2.476,1e+11,0.72,1.756
"BI",2015,"actual","total-expenditure","recurrent-expenditure",,,,,80.7413813766,1e+10,79.0227721081,1.7186092685
"BI",2015,"actual","total-expenditure",,,,,,98.9288893467501,1e+10,100.64749861525,1.7186092685
"FM",2011,"actual","total-revenue-and-grants","grants","current",,,,8.4,1e+07,6.69,1.71
"MR",2019,"proj","total-revenue-and-grants","grants",,,,,2.08,1e+07,0.37,1.71
"NE",2016,"actual","total-revenue-and-grants","grants",,,,,2.703,1e+11,4.412,1.709
"SB",2002,"actual","total-expenditure","recurrent-expenditure",,,,,37.61,1e+07,35.91,1.7
"MG",2012,"actual","financing","net-external-finance",,,,,0.98,1e+11,2.67,1.69
"ML",2002,"actual","total-revenue-and-grants","grants",,,,,8.58,1e+10,6.92,1.66
"CG",2015,"actual","total-expenditure","capital-expenditure",,,,,11.925,1e+11,10.271,1.654
"BF",2013,"actual","financing",,,,,,0,1e+11,1.625,1.625
"NE",2017,"actual","total-revenue-and-grants","grants",,,,,3.422,1e+11,5.036,1.614
"MR",2020,"proj","total-revenue-and-grants","grants",,,,,2.02,1e+07,0.41,1.61
"VN",2009,"actual","financing","net-external-finance",,,,,9.3,1e+13,10.9,1.6
"ZM",2012,"actual","total-revenue-and-grants","revenue","other-revenue",,,,3.042,1e+09,1.459,1.583
"DJ",2002,"actual","financing","net-domestic-finance",,,,,1.578,1e+09,3.156,1.578
"BF",2016,"actual","financing",,,,,,0,1e+11,1.568,1.568
"KG",2017,"proj","total-revenue-and-grants","grants",,,,,2.3558,1e+10,0.7983,1.5575
"BF",2012,"actual","financing",,,,,,0,1e+11,1.502,1.502
"CG",2016,"actual","total-expenditure","capital-expenditure",,,,,6.248,1e+11,4.792,1.456
"AO",2011,"actual","financing","net-external-finance",,,,,-0.94,1e+11,0.51,1.45
"MG",2001,"actual","financing","net-external-finance",,,,,1.274,1e+11,2.72,1.446
"ZM",2016,"actual","total-expenditure","capital-expenditure",,,,,3.357,1e+09,4.8,1.443
"LK",2007,"actual","financing","net-domestic-financing",,,,,13.2411456,1e+10,14.6726208,1.4314752
"MR",2022,"proj","financing","net-external-finance","other",,,,1.4,1e+07,2.8,1.4
"GM",2014,"actual","financing","net-domestic-finance",,,,,5.536,1e+09,4.162,1.374
"ZM",2022,"proj","total-expenditure","capital-expenditure",,,,,10.853,1e+09,9.513,1.34
"AO",2016,"actual","financing","net-external-finance",,,,,12.09,1e+11,13.41,1.32
"TD",2001,"actual","total-revenue-and-grants","revenue",,,,,9.17,1e+10,7.86,1.31
"FM",2005,"actual","total-expenditure","recurrent-expenditure",,,,,13.62,1e+07,14.9,1.28
"TD",2007,"actual","total-revenue-and-grants","revenue",,,,,76.49,1e+10,75.21,1.27999999999999
"SL",2012,"actual","total-revenue-and-grants","grants",,,,,6.33,1e+11,5.06,1.27
"XK",2019,"proj","total-expenditure",,,,,,20.13,1e+08,21.4,1.27
"MR",2018,"proj","total-revenue-and-grants","grants",,,,,1.59,1e+07,0.34,1.25
"MR",2022,"proj","total-revenue-and-grants","grants",,,,,1.66,1e+07,0.41,1.25
"AL",2015,"actual","financing",,,,,,6.55,1e+10,5.3,1.25
"KE",2016,"actual","total-expenditure","development-expenditure","externally-financed",,,,1.755,1e+11,0.524,1.231
"KE",2017,"proj","total-expenditure","development-expenditure","externally-financed",,,,1.947,1e+11,0.736,1.211
"NE",2014,"actual","total-revenue-and-grants","grants",,,,,2.221,1e+11,3.423,1.202
"AL",2006,"actual","total-revenue-and-grants","revenue","tax-revenue","excise-tax",,,2.3,1e+10,1.11,1.19
"TD",2000,"actual","total-revenue-and-grants","revenue",,,,,8.02,1e+10,6.83,1.19
"SZ",2008,"actual","total-expenditure",,,,,,96.69,1e+08,97.88,1.19
"KE",2015,"actual","total-expenditure","development-expenditure","externally-financed",,,,2.404,1e+11,1.235,1.169
"TD",2002,"actual","total-revenue-and-grants","revenue",,,,,11.24,1e+10,10.09,1.15
"NG",2017,"actual","total-expenditure","federal-government-expenditure",,,,,6.421,1e+12,7.564,1.143
"TG",2011,"actual","total-expenditure","recurrent-expenditure","other-current",,,,0.009,1e+10,1.151,1.142
"TD",2003,"actual","total-revenue-and-grants","revenue",,,,,12.46,1e+10,11.34,1.12
"NG",2012,"actual","total-expenditure","extrabudgetary-funds",,,,,1.804,1e+12,0.688,1.116
"MR",2021,"proj","total-revenue-and-grants","grants",,,,,1.52,1e+07,0.41,1.11
"MR",2010,"actual","total-revenue-and-grants","grants",,,,,1.16,1e+10,0.06,1.1
"TD",2006,"actual","total-revenue-and-grants","revenue",,,,,55.8,1e+10,54.71,1.09
"NE",2006,"actual","total-revenue-and-grants","revenue","tax-revenue",,,,2.038,1e+11,0.958,1.08
"BF",2011,"actual","financing",,,,,,0,1e+11,1.051,1.051
"ZM",2014,"actual","financing","net-external-finance",,,,,8.181,1e+09,7.147,1.034
"KG",2018,"proj","total-revenue-and-grants","grants",,,,,1.8724,1e+10,0.8414,1.031
"NE",2013,"actual","total-revenue-and-grants","grants",,,,,3.049,1e+11,4.069,1.02
"CD",2016,"actual","financing","net-external-finance",,,,,1.773078,1e+11,2.783104,1.010026
"TZ",2000,"actual","financing","net-domestic-finance",,,,,0.211,1e+11,1.217,1.006
"TJ",2017,"proj","financing",,,,,,4.070625,1e+09,3.068625,1.002
"SS",2015,"actual","total-expenditure","recurrent-expenditure","other-recurrent","transfers-to-states",,,1.6,1e+09,2.6,1
"SS",2013,"actual","total-expenditure","recurrent-expenditure","other-recurrent",,,,35,1e+08,34,1
"SN",2014,"budget","total-expenditure","capital-expenditure",,,,,9.42,1e+11,10.42,1
"SS",2013,"actual","total-expenditure",,,,,,93,1e+08,92,1
"ET",2006,"actual","total-revenue-and-grants","grants",,,,,4.721,1e+09,3.732,0.989
"TJ",2015,"actual","financing",,,,,,-0.048402,1e+09,0.919638,0.96804
"MR",2013,"actual","total-revenue-and-grants","grants",,,,,1.13,1e+07,0.18,0.95
"GN",2017,"actual","financing","net-domestic-finance",,,,,1.1,1e+12,0.16,0.94
"ML",2023,"proj","total-revenue-and-grants",,,,,,29.13,1e+11,30.066,0.936000000000003
"HN",2002,"actual","financing","domestic-financing",,,,,4.650012,1e+09,3.745843,0.904169
"HN",2002,"actual","financing",,,,,,6.975018,1e+09,7.879187,0.904169
"GM",2020,"proj","financing","net-domestic-finance",,,,,0.008,1e+09,0.89,0.882
"FM",2006,"actual","total-expenditure","recurrent-expenditure",,,,,14.44,1e+07,15.32,0.880000000000001
"RW",2020,"proj","total-revenue-and-grants","revenue","nontax-revenue",,,,1.947,1e+11,1.089,0.858
"XK",2021,"proj","total-expenditure",,,,,,22.37,1e+08,23.22,0.849999999999998
"MR",2017,"actual","total-revenue-and-grants","grants",,,,,1.28,1e+07,0.44,0.84
"ML",2015,"actual","total-revenue-and-grants",,,,,,14.811,1e+11,15.651,0.84
"MV",2011,"actual","financing","net-external-finance",,,,,1.485,1e+09,2.321,0.836
"ML",2017,"actual","total-revenue-and-grants",,,,,,17.18,1e+11,18,0.82
"ML",2021,"proj","total-revenue-and-grants",,,,,,24.212,1e+11,25.032,0.82
"HN",2004,"actual","financing","domestic-financing",,,,,0,1e+09,0.80754,0.80754
"BI",2005,"actual","total-revenue-and-grants","grants",,,,,10.08,1e+10,9.29,0.790000000000001
"ML",2020,"proj","total-revenue-and-grants",,,,,,22.2,1e+11,22.966,0.765999999999998
"RW",2019,"proj","total-revenue-and-grants","revenue","nontax-revenue",,,,1.804,1e+11,1.04,0.764
"TD",2021,"proj","financing","net-external-finance",,,,,-0.56,1e+11,0.2,0.76
"ML",2019,"proj","total-revenue-and-grants",,,,,,20.393,1e+11,21.113,0.720000000000002
"ML",2016,"actual","total-revenue-and-grants",,,,,,15.222,1e+11,15.942,0.720000000000001
"AL",2005,"actual","total-revenue-and-grants","revenue","tax-revenue","excise-tax",,,1.85,1e+10,1.13,0.72
"SB",2006,"actual","total-expenditure","recurrent-expenditure",,,,,7.64,1e+08,6.92,0.72
"GM",2020,"proj","financing","net-domestic-finance",,,,,0.184,1e+09,0.89,0.706
"GM",2020,"proj","financing","net-domestic-finance",,,,,0.184,1e+09,0.89,0.706
"SB",2018,"proj","total-expenditure","recurrent-expenditure",,,,,33.74,1e+08,33.04,0.700000000000003
"SB",2019,"proj","total-expenditure","recurrent-expenditure",,,,,35.82,1e+08,35.13,0.689999999999998
"RW",2018,"proj","total-revenue-and-grants","revenue","nontax-revenue",,,,1.841,1e+11,1.155,0.686
"GA",2015,"actual","financing",,,,,,3.41,1e+11,4.09,0.68
"ML",2018,"proj","total-revenue-and-grants",,,,,,19.489,1e+11,20.168,0.678999999999998
"XK",2018,"proj","total-expenditure",,,,,,19.33,1e+08,20,0.670000000000002
"AL",2004,"actual","total-revenue-and-grants","revenue","tax-revenue","excise-tax",,,1.58,1e+10,0.91,0.67
"NG",2011,"actual","total-expenditure","extrabudgetary-funds",,,,,1.632,1e+12,0.975,0.657
"XK",2020,"proj","total-expenditure",,,,,,21.16,1e+08,21.8,0.640000000000001
"CF",2017,"actual","financing","net-domestic-finance",,,,,0.7,1e+10,0.06,0.64
"KI",2004,"actual","total-revenue-and-grants","revenue","nontax-revenue",,,,3.53,1e+07,2.89,0.64
"ZM",2011,"actual","total-revenue-and-grants","revenue","other-revenue",,,,1.501,1e+09,0.868,0.633
"KI",2005,"actual","total-revenue-and-grants","revenue","nontax-revenue",,,,3.13,1e+07,2.5,0.63
"MR",2007,"actual","total-revenue-and-grants","grants",,,,,1.63,1e+10,1,0.63
"TL",2008,"actual","total-expenditure","recurrent-expenditure",,,,,3.58,1e+08,2.95,0.63
"SB",2005,"actual","total-expenditure","recurrent-expenditure",,,,,5.64,1e+08,5.02,0.62
"AL",2000,"actual","total-revenue-and-grants","revenue","tax-revenue","excise-tax",,,0.9153,1e+10,0.2956,0.6197
"ML",2014,"actual","total-revenue-and-grants",,,,,,12.151,1e+11,12.767,0.616
"SL",2011,"actual","total-revenue-and-grants","grants",,,,,7.09,1e+11,6.48,0.609999999999999
"TL",2006,"actual","total-expenditure","recurrent-expenditure",,,,,6.6,1e+07,6,0.6
"XK",2022,"proj","total-revenue-and-grants","revenue",,,,,22.18,1e+08,22.76,0.579999999999998
"AL",2001,"actual","total-revenue-and-grants","revenue","tax-revenue","excise-tax",,,0.9544,1e+10,0.401,0.5534
"XK",2021,"proj","total-revenue-and-grants","revenue",,,,,21.02,1e+08,21.57,0.550000000000001
"KI",2008,"actual","total-revenue-and-grants","revenue","nontax-revenue",,,,3.77,1e+07,3.22,0.55
"BR",2015,"actual","total-expenditure","federal-government","recurrent-expenditure",,,,11.58110396,1e+11,11.04105248,0.540051480000001
"HN",2000,"actual","financing","domestic-financing",,,,,4.692776,1e+09,4.159506,0.53327
"HN",2000,"actual","financing",,,,,,6.079278,1e+09,6.612548,0.53327
"RW",2017,"actual","total-revenue-and-grants","revenue","nontax-revenue",,,,1.814,1e+11,1.285,0.529
"CM",2004,"actual","financing","net-external-finance","drawings",,,,0.94,1e+11,0.43,0.51
"HN",2011,"actual","financing",,,,,,10.728,1e+09,10.219,0.509
"HN",2011,"actual","financing","domestic-financing",,,,,2.353,1e+09,2.861,0.507999999999999
"TL",2005,"actual","total-expenditure","recurrent-expenditure",,,,,5.6,1e+07,5.1,0.5
"SZ",2001,"actual","total-expenditure",,,,,,34.554,1e+08,34.095,0.459000000000003
"XK",2018,"proj","total-revenue-and-grants","revenue",,,,,18.1,1e+08,18.55,0.449999999999999
"RW",2016,"actual","total-revenue-and-grants","revenue","nontax-revenue",,,,1.676,1e+11,1.229,0.447
"MW",2002,"actual","total-revenue-and-grants","revenue","tax-revenue",,,,20.817,1e+09,20.381,0.436
"HN",2003,"actual","financing","domestic-financing",,,,,5.569902,1e+09,5.141448,0.428454
"VN",2016,"actual","financing","net-external-finance",,,,,0.53,1e+14,0.11,0.42
"MR",2021,"proj","financing","net-external-finance","other",,,,0.42,1e+07,0.84,0.42
"TJ",2018,"proj","financing",,,,,,3.727998,1e+09,3.313776,0.414222
"XK",2013,"actual","total-revenue-and-grants","revenue",,,,,13.13,1e+08,13.51,0.379999999999999
"HN",2005,"actual","financing","domestic-financing",,,,,0.183748,1e+09,0.551244,0.367496
"MR",2018,"proj","financing","net-external-finance","other",,,,0.36,1e+07,0.72,0.36
"ML",2018,"proj","total-revenue-and-grants","grants",,,,,1.146,1e+11,1.503,0.357
"ML",2018,"proj","total-revenue-and-grants","grants","budget-support-grants",,,,0.693,1e+11,0.336,0.357
"HN",2001,"actual","financing",,,,,,7.223376,1e+09,7.578624,0.355248
"XK",2014,"actual","total-revenue-and-grants","revenue",,,,,13.33,1e+08,13.66,0.33
"NG",2018,"proj","total-expenditure","federal-government-expenditure",,,,,8.255,1e+12,8.584,0.328999999999999
"MR",2019,"proj","financing","net-external-finance","other",,,,0.32,1e+07,0.639999999999999,0.319999999999999
"DJ",2003,"actual","financing","net-domestic-finance",,,,,0.212,1e+09,0.52,0.308
"SS",2012,"actual","total-expenditure","capital-expenditure",,,,,2.3,1e+09,2.6,0.3
"SL",2008,"actual","total-revenue-and-grants","grants",,,,,2.65,1e+11,2.36,0.29
"MW",2000,"actual","total-revenue-and-grants","revenue","tax-revenue",,,,14.624,1e+09,14.354,0.270000000000001
"MR",2008,"actual","total-revenue-and-grants","grants",,,,,0.65,1e+10,0.4,0.25
"GM",2012,"actual","financing","net-domestic-finance",,,,,9.69,1e+08,9.44,0.249999999999998
"BO",2009,"actual","total-expenditure","recurrent-expenditure","other-expense",,,,1.7038,1e+09,1.4604,0.2434
"MR",2009,"actual","total-revenue-and-grants","grants",,,,,0.61,1e+10,0.37,0.24
"NG",2020,"proj","total-expenditure","federal-government-expenditure","federal-government-recurrent-expenditure",,,,8.61,1e+12,8.376,0.234
"BO",2014,"actual","total-expenditure","recurrent-expenditure",,,,,64.296,1e+09,64.524,0.227999999999994
"BO",2014,"actual","total-expenditure",,,,,,98.724,1e+09,98.496,0.227999999999994
"BO",2013,"actual","total-expenditure",,,,,,81.3696,1e+09,81.5815,0.2119
"AL",2007,"actual","total-expenditure","recurrent-expenditure","interest",,,,2.56,1e+10,2.35,0.21
"NG",2018,"proj","total-revenue-and-grants","revenue",,,,,10.623,1e+12,10.423,0.199999999999999
"BO",2012,"actual","total-revenue-and-grants","revenue","tax-revenue",,,,59.5296,1e+09,59.3424,0.187200000000004
"BO",2012,"actual","total-expenditure",,,,,,67.392,1e+09,67.5792,0.187200000000004
"AL",2005,"actual","total-expenditure","recurrent-expenditure","interest",,,,2.6,1e+10,2.42,0.18
"UA",2015,"actual","total-expenditure","recurrent-expenditure","social-benefits",,,,36.4,1e+10,36.57,0.170000000000002
"UA",2015,"actual","total-expenditure","recurrent-expenditure",,,,,80.61,1e+10,80.45,0.159999999999997
"BI",2016,"actual","total-expenditure",,,,,,10.4403868564344,1e+11,10.5972868564343,0.156899999999951
"NG",2020,"proj","total-expenditure","federal-government-expenditure",,,,,10.42,1e+12,10.572,0.151999999999999
"BO",2010,"actual","total-expenditure",,,,,,43.4385,1e+09,43.5764,0.137900000000002
"BO",2010,"actual","financing","net-external-finance",,,,,1.379,1e+09,1.5169,0.137900000000001
"IN",2015,"actual","financing","net-domestic-finance",,,,,9.4971876,1e+12,9.634828,0.1376404
"BO",2009,"actual","total-expenditure",,,,,,43.5686,1e+09,43.4469,0.121700000000004
"BI",2017,"actual","total-expenditure",,,,,,11.3947590490661,1e+11,11.5160014250361,0.121242375970018
"LR",2001,"actual","total-revenue-and-grants",,,,,,69.5,1e+06,69.4,0.100000000000009
"NP",2017,"proj","total-revenue-and-grants","revenue",,,,,56.5,1e+10,56.6,0.100000000000001
"SN",2004,"actual","total-expenditure","recurrent-expenditure",,,,,56.5,1e+10,56.6,0.100000000000001
"TJ",2000,"actual","total-expenditure","recurrent-expenditure",,,,,22.5,1e+07,22.6,0.100000000000001
"MZ",2023,"proj","total-expenditure",,,,,,44.44,1e+10,44.54,0.100000000000001
"NP",2012,"actual","total-expenditure",,,,,,29.5,1e+10,29.4,0.100000000000001
"SD",2013,"actual","total-expenditure",,,,,,41.5,1e+09,41.4,0.100000000000001
"CG",2001,"actual","financing","net-domestic-finance",,,,,2.6,1e+10,2.5,0.1
"GW",2011,"actual","total-expenditure","recurrent-expenditure","interest-payments",,,,0.6,1e+09,0.5,0.1
"SD",2014,"actual","total-expenditure","recurrent-expenditure","subsidies",,,,10.5,1e+09,10.6,0.0999999999999996
"CV",2002,"actual","total-expenditure","recurrent-expenditure",,,,,15.5,1e+09,15.4,0.0999999999999996
"GW",2003,"actual","financing","net-external-finance",,,,,9.4,1e+09,9.5,0.0999999999999996
"TD",2016,"actual","total-revenue-and-grants","grants",,,,,14.5,1e+10,14.6,0.0999999999999996
"GA",2016,"actual","financing",,,,,,5.49,1e+11,5.59,0.0999999999999996
"PK",2003,"actual","financing",,,,,,6.6,1e+10,6.5,0.0999999999999996
"NP",2019,"proj","total-revenue-and-grants","revenue",,,,,70.6,1e+10,70.5,0.0999999999999943
"BF",2003,"actual","total-revenue-and-grants",,,,,,43.5,1e+10,43.4,0.0999999999999943
"NP",2016,"actual","total-expenditure",,,,,,49.5,1e+10,49.4,0.0999999999999943
"NP",2020,"proj","total-revenue-and-grants",,,,,,84.6,1e+10,84.5,0.0999999999999943
"MY",2005,"actual","total-revenue-and-grants","revenue","taxes",,,,8.4798012,1e+10,8.5341589,0.0543576999999988
"CM",2021,"proj","total-expenditure","recurrent-expenditure",,,,,27.5,1e+11,27.49,0.0100000000000016
"AO",2014,"actual","total-expenditure","recurrent-expenditure","interest-payments",,,,1.49,1e+11,1.5,0.01
"CM",2007,"actual","total-expenditure","recurrent-expenditure","interest",,,,0.5,1e+11,0.51,0.01
"CF",2019,"proj","total-revenue-and-grants","revenue","tax-revenue",,,,11.49,1e+10,11.5,0.00999999999999979
"SO",2013,"actual","total-revenue-and-grants","revenue","tax-revenue",,,,6.51,1e+07,6.5,0.00999999999999979
"GY",2012,"actual","total-expenditure","recurrent-expenditure",,,,,11.49,1e+10,11.5,0.00999999999999979
"MR",2003,"actual","financing","net-domestic-finance",,,,,2.51,1e+10,2.5,0.00999999999999979
"SB",2021,"proj","total-revenue-and-grants","grants",,,,,13.5,1e+08,13.49,0.00999999999999979
"TG",2012,"actual","financing","net-domestic-finance",,,,,8.51,1e+10,8.5,0.00999999999999979
"CM",2002,"actual","total-revenue-and-grants",,,,,,13.5,1e+11,13.49,0.00999999999999979
"MR",2005,"actual","financing",,,,,,3.49,1e+10,3.5,0.00999999999999979
"DZ",2014,"actual","total-revenue-and-grants","revenue","non-resource-revenue",,,,23.5,1e+11,23.49,0.00999999999999801
"AM",2006,"actual","total-revenue-and-grants","revenue",,,,,46.51,1e+10,46.5,0.00999999999999801
"BJ",2008,"actual","total-expenditure","recurrent-expenditure",,,,,46.51,1e+10,46.5,0.00999999999999801
"JO",2013,"actual","total-expenditure","recurrent-expenditures",,,,,60.5,1e+08,60.51,0.00999999999999801
"MN",2016,"actual","financing","net-domestic-finance",,,,,28.5,1e+11,28.51,0.00999999999999801
"PG",2005,"actual","total-expenditure","recurrent-expenditure",,,,,30.5,1e+08,30.51,0.00999999999999801
"ZM",2003,"actual","total-expenditure","recurrent-expenditure",,,,,39.5,1e+08,39.49,0.00999999999999801
"KI",2018,"proj","total-revenue-and-grants",,,,,,33.5,1e+07,33.49,0.00999999999999801
"GH",2019,"proj","total-revenue-and-grants","revenue",,,,,0.50408,1e+11,0.49809,0.00598999999999994
"LA",2014,"actual","total-revenue-and-grants","revenue","tax-revenue",,,,15.5,1e+12,15.499,0.000999999999999446
"UG",2016,"actual","total-revenue-and-grants","revenue",,,,,11.5,1e+12,11.499,0.000999999999999446
"SS",2016,"actual","financing","net-external-finance",,,,,1.5,1e+09,1.5,2.22044604925031e-16
